Transaction ID,User ID,Transaction Type, Amount (USD),Merchant,Currency,Status,Device,Country,Fee (USD),User Age,Timestamp,Is Flagged
TXN-50000,USR-1007,  Transfer  ,73.14,Spotify,USD,Completed,iOS,US,4.96,55,2024-01-01 00:00:00,0
TXN-50001,USR-1049,Payment,203.57,Amazon,USD,Pending,Android,US,3.78,46,2024-01-01 06:00:00,0
TXN-50002,USR-1000,Withdrawal,1.79,Apple Pay,USD,Failed,Web,UK,0.3,64,2024-01-01 12:00:00,0
TXN-50003,USR-1060,Deposit,188.39, Amazon,EUR,Completed,iOS,US,,27,2024-01-01 18:00:00,0
TXN-50004,USR-1072,transfer,68.65,DoorDash,GBP,completed,,DE,4.11,19,2024-01-02 00:00:00,1
TXN-50005,USR-1036,PAYMENT,123.79,Netflix,USD,FAILED,Android,US,4.83,43,2024-01-02 06:00:00,0
TXN-50006,USR-1074,Refund,91.95,Venmo,,Completed ,iOS,,2.16,54,2024-01-02 12:00:00,0
TXN-50007,USR-1076,withdrawal,,PayPal,USD,,Web,US,3.74,64,2024-01-02 18:00:00,0
TXN-50008,USR-1031,Transfer,0.75,Zelle,USD,Completed,Android,US,4.34,62,2024-01-03 00:00:00,1
TXN-50009,USR-1029,Payment,124.85,,USD,Completed,iOS,FR,4.09,38,2024-01-03 06:00:00,1
TXN-50010,USR-1026,Withdrawal,304.27,Spotify,USD,Completed,iOS,US,3.39,43,2024-01-03 12:00:00,0
TXN-50011,USR-1011,Deposit,307.15,Amazon,USD,Pending,Android,US,1.02,30,2024-01-03 18:00:00,0
TXN-50012,USR-1029,transfer,74.32,Apple Pay,USD,Failed,Web,UK,2.56,50,2024-01-04 00:00:00,0
TXN-50013,USR-1069,PAYMENT,157.02,Uber,EUR,Completed,iOS,US,4.47,39,2024-01-04 06:00:00,0
TXN-50014,USR-1059,Refund,128.71,DoorDash,GBP,completed,,DE,0.03,,2024-01-04 12:00:00,0
TXN-50015,USR-1006,withdrawal,98000.0,Netflix,USD,FAILED,Android,US,4.15,50,2024-01-04 18:00:00,0
TXN-50016,USR-1063,Transfer,8.85,Venmo,,Pending,iOS,,3.25,20,2024-01-05 00:00:00,
TXN-50017,USR-1023,Payment,280.34,PayPal,USD,,Web,US,4.43,42,2024-01-05 06:00:00,1
TXN-50018,USR-1047,Withdrawal,145.12,Zelle,USD,Completed,Android,US,2.91,64,2024-01-05 12:00:00,0
TXN-50019,USR-1050,Deposit,176.81,,USD,Completed,iOS,FR,1.53,53,2024-01-05 18:00:00,0
TXN-50020,USR-1039,transfer,21.26,Spotify,USD,Completed,iOS,US,,50,2024-01-06 00:00:00,0
TXN-50021,USR-1015,PAYMENT,34.7,Amazon,USD,Pending,Android,US,2.14,57,2024-01-06 06:00:00,0
TXN-50022,USR-1010,Refund,50.81,Apple Pay,USD,Failed,Web,UK,0.53,26,2024-01-06 12:00:00,1
TXN-50023,USR-1072,withdrawal,44.69,Uber,EUR,Completed,iOS,US,,43,2024-01-06 18:00:00,0
TXN-50024,USR-1018,Transfer,0.56,DoorDash,GBP,completed,,DE,1.89,61,2024-01-07 00:00:00,1
TXN-50025,USR-1005,Payment,110.24,Netflix,USD,FAILED,Android,US,2.13,55,2024-01-07 06:00:00,0
TXN-50026,USR-1055,Withdrawal,205.36,Venmo,,Pending,iOS,,1.41,26,2024-01-07 12:00:00,0
TXN-50027,USR-1008,Deposit,11.68,PayPal,USD,,Web,US,1.88,38,2024-01-07 18:00:00,0
TXN-50028,USR-1078,transfer,375.16,Zelle,USD,Completed,Android,US,0.46,51,2024-01-08 00:00:00,0
TXN-50029,USR-1000,PAYMENT,60.56,,USD,Completed,iOS,FR,3.74,42,2024-01-08 06:00:00,0
TXN-50030,USR-1007,Refund,101.58,Spotify,USD,Completed,iOS,US,,52,2024-01-08 12:00:00,0
TXN-50031,USR-1026,withdrawal,105.86,Amazon,USD,Pending,Android,US,2.1,41,2024-01-08 18:00:00,0
TXN-50032,USR-1044,Transfer,188.29,Apple Pay,USD,Failed,Web,UK,4.69,56,2024-01-09 00:00:00,0
TXN-50033,USR-1032,Payment,261.05,Uber,EUR,Completed,iOS,US,1.16,54,2024-01-09 06:00:00,0
TXN-50034,USR-1064,Withdrawal,9.03,DoorDash,GBP,completed,,DE,3.54,19,2024-01-09 12:00:00,0
TXN-50035,USR-1033,Deposit,212.59,Netflix,USD,FAILED,Android,US,1.78,31,2024-01-09 18:00:00,1
TXN-50036,USR-1002,transfer,61.94,Venmo,,Pending,iOS,,4.41,45,2024-01-10 00:00:00,0
TXN-50037,USR-1078,PAYMENT,390.42,PayPal,USD,,Web,US,1.49,26,2024-01-10 06:00:00,0
TXN-50038,USR-1079,Refund,63.68,Zelle,USD,Completed,Android,US,2.87,,2024-01-10 12:00:00,1
TXN-50039,USR-1065,withdrawal,153.56,,USD,Completed,iOS,FR,,47,2024-01-10 18:00:00,0
TXN-50040,USR-1022,Transfer,28.3,Spotify,USD,Completed,iOS,US,4.46,43,2024-01-11 00:00:00,0
TXN-50041,USR-1003,Payment,,Amazon,USD,Pending,Android,US,1.27,40,2024-01-11 06:00:00,0
TXN-50042,USR-1047,Withdrawal,-500.0,Apple Pay,USD,Failed,Web,UK,3.63,63,2024-01-11 12:00:00,1
TXN-50043,USR-1000,Deposit,29.04,Uber,EUR,Completed,iOS,US,3.73,54,2024-01-11 18:00:00,0
TXN-50044,USR-1024,transfer,147.69,DoorDash,GBP,completed,,DE,0.39,23,2024-01-12 00:00:00,
TXN-50045,USR-1068,PAYMENT,157.38,Netflix,USD,FAILED,Android,US,1.09,40,2024-01-12 06:00:00,0
TXN-50046,USR-1069,Refund,39.34,Venmo,,Pending,iOS,,1.92,50,2024-01-12 12:00:00,0
TXN-50047,USR-1030,withdrawal,155.86,PayPal,USD,,Web,US,,51,2024-01-12 18:00:00,1
TXN-50048,USR-1051,Transfer,97.19,Zelle,USD,Completed,Android,US,0.7,60,2024-01-13 00:00:00,0
TXN-50049,USR-1069,Payment,138.22,,USD,Completed,iOS,FR,0.47,30,2024-01-13 06:00:00,0
TXN-50050,USR-1064,Withdrawal,94.49,Spotify,USD,Completed,iOS,US,3.74,23,2024-01-13 12:00:00,0
TXN-50051,USR-1006,Deposit,,Amazon,USD,Pending,Android,US,2.08,38,2024-01-13 18:00:00,0
TXN-50052,USR-1047,transfer,267.47,Apple Pay,USD,Failed,Web,UK,0.9,28,2024-01-14 00:00:00,0
TXN-50053,USR-1062,PAYMENT,216.4,Uber,EUR,Completed,iOS,US,3.33,47,2024-01-14 06:00:00,0
TXN-50054,USR-1013,Refund,35.97,DoorDash,GBP,completed,,DE,4.69,51,2024-01-14 12:00:00,0
TXN-50055,USR-1026,withdrawal,29.79,Netflix,USD,FAILED,Android,US,2.79,19,2024-01-14 18:00:00,0
TXN-50056,USR-1078,Transfer,15.89,Venmo,,Pending,iOS,,4.42,,2024-01-15 00:00:00,0
TXN-50057,USR-1009,Payment,,PayPal,USD,,Web,US,3.68,63,2024-01-15 06:00:00,0
TXN-50058,USR-1047,Withdrawal,232.54,Zelle,USD,Completed,Android,US,4.51,41,2024-01-15 12:00:00,0
TXN-50059,USR-1002,Deposit,216.8,,USD,Completed,iOS,FR,,35,2024-01-15 18:00:00,1
TXN-50060,USR-1015,transfer,113.41,Spotify,USD,Completed,iOS,US,1.51,,2024-01-16 00:00:00,0
TXN-50061,USR-1051,PAYMENT,54.72,Amazon,USD,Pending,Android,US,,42,2024-01-16 06:00:00,0
TXN-50062,USR-1043,Refund,471.78,Apple Pay,USD,Failed,Web,UK,3.42,59,2024-01-16 12:00:00,0
TXN-50063,USR-1041,withdrawal,136.27,Uber,EUR,Completed,iOS,US,1.26,52,2024-01-16 18:00:00,0
TXN-50064,USR-1045,Transfer,72.44,DoorDash,GBP,completed,,DE,4.61,44,2024-01-17 00:00:00,0
TXN-50065,USR-1074,Payment,124.18,Netflix,USD,FAILED,Android,US,3.49,52,2024-01-17 06:00:00,0
TXN-50066,USR-1015,Withdrawal,210.81,Venmo,,Pending,iOS,,0.52,38,2024-01-17 12:00:00,0
TXN-50067,USR-1073,Deposit,129.03,PayPal,USD,,Web,US,0.73,37,2024-01-17 18:00:00,0
TXN-50068,USR-1002,transfer,236.78,Zelle,USD,Completed,Android,US,4.05,46,2024-01-18 00:00:00,0
TXN-50069,USR-1036,PAYMENT,18.16,,USD,Completed,iOS,FR,3.55,41,2024-01-18 06:00:00,1
TXN-50070,USR-1040,Refund,32.79,Spotify,USD,Completed,iOS,US,2.12,62,2024-01-18 12:00:00,0
TXN-50071,USR-1003,withdrawal,0.68,Amazon,USD,Pending,Android,US,2.67,26,2024-01-18 18:00:00,0
TXN-50072,USR-1024,Transfer,489.86,Apple Pay,USD,Failed,Web,UK,2.27,,2024-01-19 00:00:00,0
TXN-50073,USR-1015,Payment,108.86,Uber,EUR,Completed,iOS,US,2.71,55,2024-01-19 06:00:00,0
TXN-50074,USR-1024,Withdrawal,35.79,DoorDash,GBP,completed,,DE,3.53,23,2024-01-19 12:00:00,0
TXN-50075,USR-1048,Deposit,19.02,Netflix,USD,FAILED,Android,US,1.82,19,2024-01-19 18:00:00,0
TXN-50076,USR-1021,transfer,197.77,Venmo,,Pending,iOS,,4.67,47,2024-01-20 00:00:00,0
TXN-50077,USR-1058,PAYMENT,102.34,PayPal,USD,,Web,US,,41,2024-01-20 06:00:00,0
TXN-50078,USR-1050,Refund,0.56,Zelle,USD,Completed,Android,US,4.12,29,2024-01-20 12:00:00,0
TXN-50079,USR-1009,withdrawal,19.42,,USD,Completed,iOS,FR,,23,2024-01-20 18:00:00,0
TXN-50080,USR-1005,Transfer,245.99,Spotify,USD,Completed,iOS,US,,54,2024-01-21 00:00:00,0
TXN-50081,USR-1022,Payment,100.51,Amazon,USD,Pending,Android,US,3.9,52,2024-01-21 06:00:00,0
TXN-50082,USR-1029,Withdrawal,59.66,Apple Pay,USD,Failed,Web,UK,0.35,29,2024-01-21 12:00:00,0
TXN-50083,USR-1076,Deposit,,Uber,EUR,Completed,iOS,US,0.0,42,2024-01-21 18:00:00,0
TXN-50084,USR-1010,transfer,147.43,DoorDash,GBP,completed,,DE,2.18,56,2024-01-22 00:00:00,
TXN-50085,USR-1066,PAYMENT,205.89,Netflix,USD,FAILED,Android,US,3.77,63,2024-01-22 06:00:00,1
TXN-50086,USR-1004,Refund,125.03,Venmo,,Pending,iOS,,1.4,32,2024-01-22 12:00:00,0
TXN-50087,USR-1025,withdrawal,114.65,PayPal,USD,,Web,US,0.51,,2024-01-22 18:00:00,0
TXN-50088,USR-1006,Transfer,0.75,Zelle,USD,Completed,Android,US,1.48,32,2024-01-23 00:00:00,0
TXN-50089,USR-1060,Payment,160.41,,USD,Completed,iOS,FR,0.91,43,2024-01-23 06:00:00,0
TXN-50090,USR-1040,Withdrawal,196.22,Spotify,USD,Completed,iOS,US,2.1,31,2024-01-23 12:00:00,0
TXN-50091,USR-1030,Deposit,,Amazon,USD,Pending,Android,US,0.72,52,2024-01-23 18:00:00,0
TXN-50092,USR-1013,transfer,,Apple Pay,USD,Failed,Web,UK,1.39,64,2024-01-24 00:00:00,0
TXN-50093,USR-1048,PAYMENT,220.09,Uber,EUR,Completed,iOS,US,1.52,28,2024-01-24 06:00:00,1
TXN-50094,USR-1075,Refund,263.72,DoorDash,GBP,completed,,DE,3.03,61,2024-01-24 12:00:00,0
TXN-50095,USR-1047,withdrawal,67.97,Netflix,USD,FAILED,Android,US,4.58,44,2024-01-24 18:00:00,0
TXN-50096,USR-1046,Transfer,49.53,Venmo,,Pending,iOS,,2.92,32,2024-01-25 00:00:00,0
TXN-50097,USR-1059,Payment,59.74,PayPal,USD,,Web,US,2.3,28,2024-01-25 06:00:00,0
TXN-50098,USR-1071,Withdrawal,157.07,Zelle,USD,Completed,Android,US,3.98,56,2024-01-25 12:00:00,0
TXN-50099,USR-1070,Deposit,27.71,,USD,Completed,iOS,FR,999.99,27,2024-01-25 18:00:00,0
TXN-50100,USR-1058,transfer,67.78,Spotify,USD,Completed,iOS,US,2.08,58,2024-01-26 00:00:00,
TXN-50101,USR-1025,PAYMENT,494.0,Amazon,USD,Pending,Android,US,3.74,47,2024-01-26 06:00:00,0
TXN-50102,USR-1007,Refund,12.79,Apple Pay,USD,Failed,Web,UK,2.65,58,2024-01-26 12:00:00,0
TXN-50103,USR-1031,withdrawal,84.54,Uber,EUR,Completed,iOS,US,2.23,32,2024-01-26 18:00:00,0
TXN-50104,USR-1029,Transfer,5.52,DoorDash,GBP,completed,,DE,2.58,51,2024-01-27 00:00:00,0
TXN-50105,USR-1069,Payment,84.99,Netflix,USD,FAILED,Android,US,2.76,27,2024-01-27 06:00:00,0
TXN-50106,USR-1046,Withdrawal,7.78,Venmo,,Pending,iOS,,3.11,60,2024-01-27 12:00:00,0
TXN-50107,USR-1033,Deposit,,PayPal,USD,,Web,US,1.7,54,2024-01-27 18:00:00,0
TXN-50108,USR-1005,transfer,84.58,Zelle,USD,Completed,Android,US,4.71,27,2024-01-28 00:00:00,1
TXN-50109,USR-1049,PAYMENT,270.88,,USD,Completed,iOS,FR,3.24,23,2024-01-28 06:00:00,0
TXN-50110,USR-1034,Refund,161.79,Spotify,USD,Completed,iOS,US,,58,2024-01-28 12:00:00,0
TXN-50111,USR-1044,withdrawal,218.57,Amazon,USD,Pending,Android,US,,23,2024-01-28 18:00:00,0
TXN-50112,USR-1008,Transfer,3.55,Apple Pay,USD,Failed,Web,UK,1.4,58,2024-01-29 00:00:00,0
TXN-50113,USR-1073,Payment,,Uber,EUR,Completed,iOS,US,0.78,63,2024-01-29 06:00:00,0
TXN-50114,USR-1061,Withdrawal,200.48,DoorDash,GBP,completed,,DE,4.53,,2024-01-29 12:00:00,0
TXN-50115,USR-1057,Deposit,29.55,Netflix,USD,FAILED,Android,US,4.38,58,2024-01-29 18:00:00,0
TXN-50116,USR-1047,transfer,27.3,Venmo,,Pending,iOS,,1.21,47,2024-01-30 00:00:00,0
TXN-50117,USR-1051,PAYMENT,149.09,PayPal,USD,,Web,US,2.73,35,2024-01-30 06:00:00,
TXN-50118,USR-1076,Refund,,Zelle,USD,Completed,Android,US,2.28,54,2024-01-30 12:00:00,0
TXN-50119,USR-1072,withdrawal,19.94,,USD,Completed,iOS,FR,1.08,47,2024-01-30 18:00:00,1
TXN-50120,USR-1053,Transfer,268.62,Spotify,USD,Completed,iOS,US,0.39,51,2024-01-31 00:00:00,0
TXN-50121,USR-1008,Payment,91.13,Amazon,USD,Pending,Android,US,0.44,29,2024-01-31 06:00:00,0
TXN-50122,USR-1052,Withdrawal,200.35,Apple Pay,USD,Failed,Web,UK,3.93,26,2024-01-31 12:00:00,0
TXN-50123,USR-1009,Deposit,94.18,Uber,EUR,Completed,iOS,US,4.25,30,2024-01-31 18:00:00,0
TXN-50124,USR-1031,transfer,179.61,DoorDash,GBP,completed,,DE,2.2,37,2024-02-01 00:00:00,0
TXN-50125,USR-1005,PAYMENT,24.44,Netflix,USD,FAILED,Android,US,0.28,33,2024-02-01 06:00:00,0
TXN-50126,USR-1020,Refund,,Venmo,,Pending,iOS,,0.68,64,2024-02-01 12:00:00,1
TXN-50127,USR-1056,withdrawal,269.45,PayPal,USD,,Web,US,4.06,32,2024-02-01 18:00:00,0
TXN-50128,USR-1068,Transfer,14.37,Zelle,USD,Completed,Android,US,2.54,52,2024-02-02 00:00:00,1
TXN-50129,USR-1037,Payment,57.61,,USD,Completed,iOS,FR,1.53,39,2024-02-02 06:00:00,0
TXN-50130,USR-1033,Withdrawal,81.67,Spotify,USD,Completed,iOS,US,0.07,52,2024-02-02 12:00:00,0
TXN-50131,USR-1009,Deposit,69.8,Amazon,USD,Pending,Android,US,,34,2024-02-02 18:00:00,0
TXN-50132,USR-1060,transfer,464.63,Apple Pay,USD,Failed,Web,UK,0.98,,2024-02-03 00:00:00,0
TXN-50133,USR-1030,PAYMENT,90.89,Uber,EUR,Completed,iOS,US,0.51,18,2024-02-03 06:00:00,1
TXN-50134,USR-1010,Refund,332.18,DoorDash,GBP,completed,,DE,3.76,38,2024-02-03 12:00:00,1
TXN-50135,USR-1024,withdrawal,22.94,Netflix,USD,FAILED,Android,US,4.54,,2024-02-03 18:00:00,0
TXN-50136,USR-1074,Transfer,108.87,Venmo,,Pending,iOS,,4.16,64,2024-02-04 00:00:00,0
TXN-50137,USR-1048,Payment,220.23,PayPal,USD,,Web,US,2.58,,2024-02-04 06:00:00,0
TXN-50138,USR-1043,Withdrawal,16.17,Zelle,USD,Completed,Android,US,3.17,52,2024-02-04 12:00:00,0
TXN-50139,USR-1027,Deposit,56.94,,USD,Completed,iOS,FR,0.55,52,2024-02-04 18:00:00,0
TXN-50140,USR-1037,transfer,155.05,Spotify,USD,Completed,iOS,US,,41,2024-02-05 00:00:00,0
TXN-50141,USR-1025,PAYMENT,12.37,Amazon,USD,Pending,Android,US,1.73,51,2024-02-05 06:00:00,
TXN-50142,USR-1053,Refund,61.56,Apple Pay,USD,Failed,Web,UK,2.99,,2024-02-05 12:00:00,0
TXN-50143,USR-1033,withdrawal,56.02,Uber,EUR,Completed,iOS,US,4.3,29,2024-02-05 18:00:00,0
TXN-50144,USR-1040,Transfer,199.86,DoorDash,GBP,completed,,DE,4.86,35,2024-02-06 00:00:00,0
TXN-50145,USR-1044,Payment,76.67,Netflix,USD,FAILED,Android,US,1.27,54,2024-02-06 06:00:00,0
TXN-50146,USR-1051,Withdrawal,324.84,Venmo,,Pending,iOS,,4.15,49,2024-02-06 12:00:00,0
TXN-50147,USR-1017,Deposit,94.86,PayPal,USD,,Web,US,3.2,28,2024-02-06 18:00:00,0
TXN-50148,USR-1014,transfer,21.07,Zelle,USD,Completed,Android,US,0.33,36,2024-02-07 00:00:00,0
TXN-50149,USR-1035,PAYMENT,,,USD,Completed,iOS,FR,3.9,36,2024-02-07 06:00:00,0
TXN-50150,USR-1059,Refund,181.12,Spotify,USD,Completed,iOS,US,1.66,21,2024-02-07 12:00:00,0
TXN-50151,USR-1060,withdrawal,22.37,Amazon,USD,Pending,Android,US,3.98,51,2024-02-07 18:00:00,0
TXN-50152,USR-1076,Transfer,75.86,Apple Pay,USD,Failed,Web,UK,2.47,40,2024-02-08 00:00:00,0
TXN-50153,USR-1031,Payment,,Uber,EUR,Completed,iOS,US,1.83,39,2024-02-08 06:00:00,1
TXN-50154,USR-1074,Withdrawal,296.75,DoorDash,GBP,completed,,DE,1.24,62,2024-02-08 12:00:00,0
TXN-50155,USR-1023,Deposit,,Netflix,USD,FAILED,Android,US,1.04,34,2024-02-08 18:00:00,0
TXN-50156,USR-1041,transfer,143.82,Venmo,,Pending,iOS,,2.21,35,2024-02-09 00:00:00,0
TXN-50157,USR-1005,PAYMENT,88.05,PayPal,USD,,Web,US,,44,2024-02-09 06:00:00,0
TXN-50158,USR-1035,Refund,241.48,Zelle,USD,Completed,Android,US,4.37,46,2024-02-09 12:00:00,0
TXN-50159,USR-1047,withdrawal,18.61,,USD,Completed,iOS,FR,1.55,60,2024-02-09 18:00:00,0
TXN-50160,USR-1029,Transfer,,Spotify,USD,Completed,iOS,US,0.37,41,2024-02-10 00:00:00,0
TXN-50161,USR-1028,Payment,104.34,Amazon,USD,Pending,Android,US,,32,2024-02-10 06:00:00,0
TXN-50162,USR-1075,Withdrawal,120.65,Apple Pay,USD,Failed,Web,UK,2.16,,2024-02-10 12:00:00,0
TXN-50163,USR-1032,Deposit,33.4,Uber,EUR,Completed,iOS,US,3.09,48,2024-02-10 18:00:00,0
TXN-50164,USR-1031,transfer,385.47,DoorDash,GBP,completed,,DE,3.85,22,2024-02-11 00:00:00,0
TXN-50165,USR-1058,PAYMENT,56.95,Netflix,USD,FAILED,Android,US,4.31,52,2024-02-11 06:00:00,0
TXN-50166,USR-1033,Refund,189.76,Venmo,,Pending,iOS,,1.86,62,2024-02-11 12:00:00,0
TXN-50167,USR-1027,withdrawal,132.8,PayPal,USD,,Web,US,3.44,39,2024-02-11 18:00:00,0
TXN-50168,USR-1067,Transfer,72.87,Zelle,USD,Completed,Android,US,4.22,26,2024-02-12 00:00:00,0
TXN-50169,USR-1057,Payment,62.44,,USD,Completed,iOS,FR,,25,2024-02-12 06:00:00,0
TXN-50170,USR-1009,Withdrawal,93.73,Spotify,USD,Completed,iOS,US,0.24,46,2024-02-12 12:00:00,0
TXN-50171,USR-1079,Deposit,67.38,Amazon,USD,Pending,Android,US,3.43,37,2024-02-12 18:00:00,0
TXN-50172,USR-1059,transfer,3.2,Apple Pay,USD,Failed,Web,UK,0.13,25,2024-02-13 00:00:00,0
TXN-50173,USR-1025,PAYMENT,86.16,Uber,EUR,Completed,iOS,US,1.45,24,2024-02-13 06:00:00,
TXN-50174,USR-1040,Refund,324.66,DoorDash,GBP,completed,,DE,0.18,26,2024-02-13 12:00:00,0
TXN-50175,USR-1007,withdrawal,78.4,Netflix,USD,FAILED,Android,US,,38,2024-02-13 18:00:00,0
TXN-50176,USR-1022,Transfer,13.28,Venmo,,Pending,iOS,,2.39,63,2024-02-14 00:00:00,1
TXN-50177,USR-1066,Payment,25.36,PayPal,USD,,Web,US,1.06,34,2024-02-14 06:00:00,0
TXN-50178,USR-1011,Withdrawal,,Zelle,USD,Completed,Android,US,4.07,34,2024-02-14 12:00:00,0
TXN-50179,USR-1041,Deposit,88.82,,USD,Completed,iOS,FR,0.74,,2024-02-14 18:00:00,0
TXN-50180,USR-1031,transfer,226.67,Spotify,USD,Completed,iOS,US,,41,2024-02-15 00:00:00,0
TXN-50181,USR-1006,PAYMENT,14.65,Amazon,USD,Pending,Android,US,4.87,63,2024-02-15 06:00:00,0
TXN-50182,USR-1025,Refund,206.1,Apple Pay,USD,Failed,Web,UK,1.13,38,2024-02-15 12:00:00,0
TXN-50183,USR-1011,withdrawal,121.09,Uber,EUR,Completed,iOS,US,0.61,62,2024-02-15 18:00:00,0
TXN-50184,USR-1051,Transfer,140.69,DoorDash,GBP,completed,,DE,3.07,21,2024-02-16 00:00:00,0
TXN-50185,USR-1050,Payment,8.79,Netflix,USD,FAILED,Android,US,2.87,19,2024-02-16 06:00:00,1
TXN-50186,USR-1050,Withdrawal,,Venmo,,Pending,iOS,,3.37,22,2024-02-16 12:00:00,0
TXN-50187,USR-1013,Deposit,59.31,PayPal,USD,,Web,US,4.28,54,2024-02-16 18:00:00,0
TXN-50188,USR-1058,transfer,130.45,Zelle,USD,Completed,Android,US,1.82,64,2024-02-17 00:00:00,0
TXN-50189,USR-1063,PAYMENT,2.55,,USD,Completed,iOS,FR,1.28,63,2024-02-17 06:00:00,0
TXN-50190,USR-1005,Refund,55.84,Spotify,USD,Completed,iOS,US,3.65,61,2024-02-17 12:00:00,0
TXN-50191,USR-1022,withdrawal,25.71,Amazon,USD,Pending,Android,US,3.83,63,2024-02-17 18:00:00,0
TXN-50192,USR-1040,Transfer,179.38,Apple Pay,USD,Failed,Web,UK,4.97,19,2024-02-18 00:00:00,0
TXN-50193,USR-1078,Payment,412.42,Uber,EUR,Completed,iOS,US,2.01,56,2024-02-18 06:00:00,0
TXN-50194,USR-1035,Withdrawal,476.74,DoorDash,GBP,completed,,DE,4.34,57,2024-02-18 12:00:00,0
TXN-50195,USR-1043,Deposit,117.85,Netflix,USD,FAILED,Android,US,2.41,,2024-02-18 18:00:00,0
TXN-50196,USR-1055,transfer,25.88,Venmo,,Pending,iOS,,1.4,50,2024-02-19 00:00:00,0
TXN-50197,USR-1001,PAYMENT,108.32,PayPal,USD,,Web,US,1.5,54,2024-02-19 06:00:00,0
TXN-50198,USR-1077,Refund,16.91,Zelle,USD,Completed,Android,US,3.24,40,2024-02-19 12:00:00,0
TXN-50199,USR-1045,withdrawal,147.31,,USD,Completed,iOS,FR,1.05,40,2024-02-19 18:00:00,0
TXN-50200,USR-1063,Transfer,398.14,Spotify,USD,Completed,iOS,US,3.37,150,2024-02-20 00:00:00,0
TXN-50201,USR-1064,Payment,50.35,Amazon,USD,Pending,Android,US,,33,2024-02-20 06:00:00,0
TXN-50202,USR-1026,Withdrawal,70.84,Apple Pay,USD,Failed,Web,UK,4.06,44,2024-02-20 12:00:00,0
TXN-50203,USR-1040,Deposit,79.42,Uber,EUR,Completed,iOS,US,3.98,37,2024-02-20 18:00:00,0
TXN-50204,USR-1053,transfer,71.12,DoorDash,GBP,completed,,DE,2.62,63,2024-02-21 00:00:00,0
TXN-50205,USR-1018,PAYMENT,196.02,Netflix,USD,FAILED,Android,US,1.26,47,2024-02-21 06:00:00,0
TXN-50206,USR-1055,Refund,,Venmo,,Pending,iOS,,2.71,41,2024-02-21 12:00:00,0
TXN-50207,USR-1004,withdrawal,52.58,PayPal,USD,,Web,US,4.23,35,2024-02-21 18:00:00,0
TXN-50208,USR-1029,Transfer,89.99,Zelle,USD,Completed,Android,US,3.15,47,2024-02-22 00:00:00,0
TXN-50209,USR-1020,Payment,204.25,,USD,Completed,iOS,FR,2.53,25,2024-02-22 06:00:00,0
TXN-50210,USR-1055,Withdrawal,101.36,Spotify,USD,Completed,iOS,US,2.32,56,2024-02-22 12:00:00,0
TXN-50211,USR-1040,Deposit,177.6,Amazon,USD,Pending,Android,US,0.44,43,2024-02-22 18:00:00,0
TXN-50212,USR-1035,transfer,25.94,Apple Pay,USD,Failed,Web,UK,,44,2024-02-23 00:00:00,0
TXN-50213,USR-1039,PAYMENT,22.96,Uber,EUR,Completed,iOS,US,4.58,46,2024-02-23 06:00:00,1
TXN-50214,USR-1013,Refund,79.02,DoorDash,GBP,completed,,DE,4.09,25,2024-02-23 12:00:00,0
TXN-50215,USR-1030,withdrawal,270.06,Netflix,USD,FAILED,Android,US,0.76,39,2024-02-23 18:00:00,1
TXN-50216,USR-1018,Transfer,,Venmo,,Pending,iOS,,0.2,51,2024-02-24 00:00:00,0
TXN-50217,USR-1037,Payment,12.3,PayPal,USD,,Web,US,4.53,43,2024-02-24 06:00:00,0
TXN-50218,USR-1006,Withdrawal,48.14,Zelle,USD,Completed,Android,US,0.09,48,2024-02-24 12:00:00,0
TXN-50219,USR-1002,Deposit,439.66,,USD,Completed,iOS,FR,4.92,58,2024-02-24 18:00:00,0
TXN-50220,USR-1050,transfer,36.91,Spotify,USD,Completed,iOS,US,2.38,42,2024-02-25 00:00:00,0
TXN-50221,USR-1031,PAYMENT,275.22,Amazon,USD,Pending,Android,US,0.26,64,2024-02-25 06:00:00,0
TXN-50222,USR-1046,Refund,154.43,Apple Pay,USD,Failed,Web,UK,,32,2024-02-25 12:00:00,1
TXN-50223,USR-1034,withdrawal,1.12,Uber,EUR,Completed,iOS,US,,36,2024-02-25 18:00:00,0
TXN-50224,USR-1012,Transfer,9.06,DoorDash,GBP,completed,,DE,3.72,29,2024-02-26 00:00:00,0
TXN-50225,USR-1013,Payment,185.16,Netflix,USD,FAILED,Android,US,3.05,48,2024-02-26 06:00:00,0
TXN-50226,USR-1015,Withdrawal,195.35,Venmo,,Pending,iOS,,0.83,,2024-02-26 12:00:00,0
TXN-50227,USR-1047,Deposit,107.04,PayPal,USD,,Web,US,3.73,33,2024-02-26 18:00:00,0
TXN-50228,USR-1015,transfer,223.26,Zelle,USD,Completed,Android,US,,39,2024-02-27 00:00:00,0
TXN-50229,USR-1016,PAYMENT,84.94,,USD,Completed,iOS,FR,0.36,49,2024-02-27 06:00:00,0
TXN-50230,USR-1012,Refund,304.58,Spotify,USD,Completed,iOS,US,0.46,52,2024-02-27 12:00:00,0
TXN-50231,USR-1040,withdrawal,104.65,Amazon,USD,Pending,Android,US,4.73,30,2024-02-27 18:00:00,0
TXN-50232,USR-1033,Transfer,62.24,Apple Pay,USD,Failed,Web,UK,5.0,26,2024-02-28 00:00:00,0
TXN-50233,USR-1039,Payment,1.22,Uber,EUR,Completed,iOS,US,1.76,62,2024-02-28 06:00:00,0
TXN-50234,USR-1061,Withdrawal,97.56,DoorDash,GBP,completed,,DE,3.13,33,2024-02-28 12:00:00,0
TXN-50235,USR-1006,Deposit,25.23,Netflix,USD,FAILED,Android,US,,27,2024-02-28 18:00:00,0
TXN-50236,USR-1013,transfer,82.64,Venmo,,Pending,iOS,,3.94,47,2024-02-29 00:00:00,0
TXN-50237,USR-1002,PAYMENT,80.83,PayPal,USD,,Web,US,1.87,54,2024-02-29 06:00:00,0
TXN-50238,USR-1008,Refund,33.9,Zelle,USD,Completed,Android,US,1.96,,2024-02-29 12:00:00,0
TXN-50239,USR-1023,withdrawal,34.06,,USD,Completed,iOS,FR,0.43,18,2024-02-29 18:00:00,0
TXN-50240,USR-1050,Transfer,43.16,Spotify,USD,Completed,iOS,US,1.73,41,2024-03-01 00:00:00,
TXN-50241,USR-1073,Payment,132.72,Amazon,USD,Pending,Android,US,2.45,43,2024-03-01 06:00:00,0
TXN-50242,USR-1000,Withdrawal,510.48,Apple Pay,USD,Failed,Web,UK,3.62,42,2024-03-01 12:00:00,1
TXN-50243,USR-1061,Deposit,67.69,Uber,EUR,Completed,iOS,US,2.5,59,2024-03-01 18:00:00,0
TXN-50244,USR-1042,transfer,151.86,DoorDash,GBP,completed,,DE,,60,2024-03-02 00:00:00,
TXN-50245,USR-1068,PAYMENT,232.06,Netflix,USD,FAILED,Android,US,4.5,43,2024-03-02 06:00:00,0
TXN-50246,USR-1012,Refund,256.91,Venmo,,Pending,iOS,,,44,2024-03-02 12:00:00,0
TXN-50247,USR-1072,withdrawal,176.5,PayPal,USD,,Web,US,1.22,28,2024-03-02 18:00:00,0
TXN-50248,USR-1014,Transfer,62.52,Zelle,USD,Completed,Android,US,2.18,38,2024-03-03 00:00:00,0
TXN-50249,USR-1045,Payment,114.83,,USD,Completed,iOS,FR,3.73,33,2024-03-03 06:00:00,0
TXN-50250,USR-1057,Withdrawal,82.49,Spotify,USD,Completed,iOS,US,1.31,38,2024-03-03 12:00:00,0
TXN-50251,USR-1052,Deposit,32.22,Amazon,USD,Pending,Android,US,1.87,,2024-03-03 18:00:00,0
TXN-50252,USR-1020,transfer,306.63,Apple Pay,USD,Failed,Web,UK,0.2,52,2024-03-04 00:00:00,0
TXN-50253,USR-1032,PAYMENT,90.97,Uber,EUR,Completed,iOS,US,1.74,46,2024-03-04 06:00:00,0
TXN-50254,USR-1020,Refund,3.13,DoorDash,GBP,completed,,DE,1.99,19,2024-03-04 12:00:00,0
TXN-50255,USR-1038,withdrawal,206.32,Netflix,USD,FAILED,Android,US,4.42,23,2024-03-04 18:00:00,0
TXN-50256,USR-1027,Transfer,264.55,Venmo,,Pending,iOS,,1.25,63,2024-03-05 00:00:00,0
TXN-50257,USR-1032,Payment,78.83,PayPal,USD,,Web,US,3.92,38,2024-03-05 06:00:00,
TXN-50258,USR-1042,Withdrawal,228.82,Zelle,USD,Completed,Android,US,2.96,35,2024-03-05 12:00:00,0
TXN-50259,USR-1010,Deposit,4.15,,USD,Completed,iOS,FR,2.95,53,2024-03-05 18:00:00,0
TXN-50260,USR-1002,transfer,71.63,Spotify,USD,Completed,iOS,US,2.34,36,2024-03-06 00:00:00,0
TXN-50261,USR-1059,PAYMENT,51.26,Amazon,USD,Pending,Android,US,0.31,18,2024-03-06 06:00:00,0
TXN-50262,USR-1046,Refund,26.49,Apple Pay,USD,Failed,Web,UK,0.09,24,2024-03-06 12:00:00,0
TXN-50263,USR-1033,withdrawal,220.23,Uber,EUR,Completed,iOS,US,1.34,34,2024-03-06 18:00:00,0
TXN-50264,USR-1057,Transfer,32.75,DoorDash,GBP,completed,,DE,2.87,21,2024-03-07 00:00:00,1
TXN-50265,USR-1057,Payment,222.78,Netflix,USD,FAILED,Android,US,3.84,41,2024-03-07 06:00:00,0
TXN-50266,USR-1023,Withdrawal,217.9,Venmo,,Pending,iOS,,2.9,38,2024-03-07 12:00:00,0
TXN-50267,USR-1040,Deposit,37.69,PayPal,USD,,Web,US,4.39,,2024-03-07 18:00:00,0
TXN-50268,USR-1076,transfer,50.96,Zelle,USD,Completed,Android,US,,63,2024-03-08 00:00:00,
TXN-50269,USR-1065,PAYMENT,293.82,,USD,Completed,iOS,FR,,,2024-03-08 06:00:00,0
TXN-50270,USR-1050,Refund,63.15,Spotify,USD,Completed,iOS,US,2.89,30,2024-03-08 12:00:00,0
TXN-50271,USR-1078,withdrawal,181.82,Amazon,USD,Pending,Android,US,,48,2024-03-08 18:00:00,0
TXN-50272,USR-1075,Transfer,20.69,Apple Pay,USD,Failed,Web,UK,2.88,49,2024-03-09 00:00:00,0
TXN-50273,USR-1026,Payment,16.57,Uber,EUR,Completed,iOS,US,3.74,25,2024-03-09 06:00:00,0
TXN-50274,USR-1010,Withdrawal,61.62,DoorDash,GBP,completed,,DE,3.71,36,2024-03-09 12:00:00,0
TXN-50275,USR-1060,Deposit,85.85,Netflix,USD,FAILED,Android,US,3.72,42,2024-03-09 18:00:00,0
TXN-50276,USR-1008,transfer,162.24,Venmo,,Pending,iOS,,2.97,30,2024-03-10 00:00:00,0
TXN-50277,USR-1028,PAYMENT,118.37,PayPal,USD,,Web,US,3.87,23,2024-03-10 06:00:00,0
TXN-50278,USR-1048,Refund,136.1,Zelle,USD,Completed,Android,US,2.53,64,2024-03-10 12:00:00,0
TXN-50279,USR-1069,withdrawal,1.1,,USD,Completed,iOS,FR,,41,2024-03-10 18:00:00,0
TXN-50280,USR-1012,Transfer,22.58,Spotify,USD,Completed,iOS,US,4.03,,2024-03-11 00:00:00,0
TXN-50281,USR-1045,Payment,159.81,Amazon,USD,Pending,Android,US,3.86,34,2024-03-11 06:00:00,0
TXN-50282,USR-1008,Withdrawal,27.03,Apple Pay,USD,Failed,Web,UK,4.11,59,2024-03-11 12:00:00,0
TXN-50283,USR-1028,Deposit,313.66,Uber,EUR,Completed,iOS,US,0.67,55,2024-03-11 18:00:00,0
TXN-50284,USR-1011,transfer,,DoorDash,GBP,completed,,DE,4.4,19,2024-03-12 00:00:00,0
TXN-50285,USR-1007,PAYMENT,265.9,Netflix,USD,FAILED,Android,US,,42,2024-03-12 06:00:00,0
TXN-50286,USR-1002,Refund,33.95,Venmo,,Pending,iOS,,3.88,31,2024-03-12 12:00:00,0
TXN-50287,USR-1002,withdrawal,39.39,PayPal,USD,,Web,US,0.59,21,2024-03-12 18:00:00,0
TXN-50288,USR-1024,Transfer,18.23,Zelle,USD,Completed,Android,US,,43,2024-03-13 00:00:00,1
TXN-50289,USR-1072,Payment,135.44,,USD,Completed,iOS,FR,1.76,40,2024-03-13 06:00:00,0
TXN-50290,USR-1062,Withdrawal,177.06,Spotify,USD,Completed,iOS,US,2.15,62,2024-03-13 12:00:00,0
TXN-50291,USR-1048,Deposit,43.13,Amazon,USD,Pending,Android,US,3.47,28,2024-03-13 18:00:00,0
TXN-50292,USR-1039,transfer,175.67,Apple Pay,USD,Failed,Web,UK,3.38,35,2024-03-14 00:00:00,1
TXN-50293,USR-1063,PAYMENT,,Uber,EUR,Completed,iOS,US,0.05,54,2024-03-14 06:00:00,0
TXN-50294,USR-1073,Refund,180.82,DoorDash,GBP,completed,,DE,,45,2024-03-14 12:00:00,0
TXN-50295,USR-1024,withdrawal,20.07,Netflix,USD,FAILED,Android,US,4.15,38,2024-03-14 18:00:00,0
TXN-50296,USR-1010,Transfer,77.8,Venmo,,Pending,iOS,,0.29,56,2024-03-15 00:00:00,0
TXN-50297,USR-1016,Payment,136.86,PayPal,USD,,Web,US,2.47,20,2024-03-15 06:00:00,1
TXN-50298,USR-1074,Withdrawal,197.56,Zelle,USD,Completed,Android,US,0.76,22,2024-03-15 12:00:00,0
TXN-50299,USR-1040,Deposit,31.96,,USD,Completed,iOS,FR,0.44,63,2024-03-15 18:00:00,0
TXN-50300,USR-1076,transfer,31.81,Spotify,USD,Completed,iOS,US,1.4,53,2024-03-16 00:00:00,0
TXN-50301,USR-1009,PAYMENT,115.05,Amazon,USD,Pending,Android,US,0.74,43,2024-03-16 06:00:00,0
TXN-50302,USR-1079,Refund,64.26,Apple Pay,USD,Failed,Web,UK,1.2,29,2024-03-16 12:00:00,0
TXN-50303,USR-1074,withdrawal,840.86,Uber,EUR,Completed,iOS,US,2.7,52,2024-03-16 18:00:00,0
TXN-50304,USR-1073,Transfer,1.11,DoorDash,GBP,completed,,DE,0.96,31,2024-03-17 00:00:00,
TXN-50305,USR-1029,Payment,21.62,Netflix,USD,FAILED,Android,US,4.19,21,2024-03-17 06:00:00,0
TXN-50306,USR-1009,Withdrawal,219.2,Venmo,,Pending,iOS,,,47,2024-03-17 12:00:00,0
TXN-50307,USR-1023,Deposit,141.53,PayPal,USD,,Web,US,,35,2024-03-17 18:00:00,0
TXN-50308,USR-1033,transfer,57.74,Zelle,USD,Completed,Android,US,2.66,28,2024-03-18 00:00:00,0
TXN-50309,USR-1001,PAYMENT,62.98,,USD,Completed,iOS,FR,0.55,59,2024-03-18 06:00:00,0
TXN-50310,USR-1076,Refund,94.07,Spotify,USD,Completed,iOS,US,1.2,39,2024-03-18 12:00:00,0
TXN-50311,USR-1038,withdrawal,7.3,Amazon,USD,Pending,Android,US,4.4,22,2024-03-18 18:00:00,0
TXN-50312,USR-1061,Transfer,394.46,Apple Pay,USD,Failed,Web,UK,4.92,29,2024-03-19 00:00:00,0
TXN-50313,USR-1023,Payment,93.8,Uber,EUR,Completed,iOS,US,4.41,26,2024-03-19 06:00:00,0
TXN-50314,USR-1050,Withdrawal,136.26,DoorDash,GBP,completed,,DE,4.87,33,2024-03-19 12:00:00,1
TXN-50315,USR-1004,Deposit,56.99,Netflix,USD,FAILED,Android,US,3.61,57,2024-03-19 18:00:00,0
TXN-50316,USR-1047,transfer,,Venmo,,Pending,iOS,,4.18,63,2024-03-20 00:00:00,0
TXN-50317,USR-1066,PAYMENT,24.18,PayPal,USD,,Web,US,0.57,34,2024-03-20 06:00:00,0
TXN-50318,USR-1027,Refund,97.05,Zelle,USD,Completed,Android,US,1.85,29,2024-03-20 12:00:00,0
TXN-50319,USR-1004,withdrawal,144.97,,USD,Completed,iOS,FR,,57,2024-03-20 18:00:00,0
TXN-50320,USR-1010,Transfer,218.73,Spotify,USD,Completed,iOS,US,,63,2024-03-21 00:00:00,0
TXN-50321,USR-1033,Payment,1.58,Amazon,USD,Pending,Android,US,3.95,58,2024-03-21 06:00:00,0
TXN-50322,USR-1078,Withdrawal,39.89,Apple Pay,USD,Failed,Web,UK,1.32,,2024-03-21 12:00:00,0
TXN-50323,USR-1014,Deposit,517.99,Uber,EUR,Completed,iOS,US,1.46,22,2024-03-21 18:00:00,0
TXN-50324,USR-1060,transfer,20.13,DoorDash,GBP,completed,,DE,2.65,29,2024-03-22 00:00:00,0
TXN-50325,USR-1057,PAYMENT,27.99,Netflix,USD,FAILED,Android,US,,21,2024-03-22 06:00:00,0
TXN-50326,USR-1018,Refund,124.57,Venmo,,Pending,iOS,,3.85,64,2024-03-22 12:00:00,0
TXN-50327,USR-1003,withdrawal,388.61,PayPal,USD,,Web,US,1.16,27,2024-03-22 18:00:00,0
TXN-50328,USR-1015,Transfer,8.66,Zelle,USD,Completed,Android,US,2.72,58,2024-03-23 00:00:00,0
TXN-50329,USR-1032,Payment,116.49,,USD,Completed,iOS,FR,1.02,33,2024-03-23 06:00:00,0
TXN-50330,USR-1078,Withdrawal,10.08,Spotify,USD,Completed,iOS,US,2.2,30,2024-03-23 12:00:00,0
TXN-50331,USR-1059,Deposit,274.21,Amazon,USD,Pending,Android,US,2.4,34,2024-03-23 18:00:00,0
TXN-50332,USR-1025,transfer,,Apple Pay,USD,Failed,Web,UK,1.57,,2024-03-24 00:00:00,0
TXN-50333,USR-1013,PAYMENT,84.9,Uber,EUR,Completed,iOS,US,2.42,33,2024-03-24 06:00:00,0
TXN-50334,USR-1019,Refund,164.71,DoorDash,GBP,completed,,DE,2.94,40,2024-03-24 12:00:00,1
TXN-50335,USR-1056,withdrawal,371.75,Netflix,USD,FAILED,Android,US,4.1,44,2024-03-24 18:00:00,0
TXN-50336,USR-1058,Transfer,,Venmo,,Pending,iOS,,0.31,51,2024-03-25 00:00:00,0
TXN-50337,USR-1070,Payment,318.55,PayPal,USD,,Web,US,,35,2024-03-25 06:00:00,0
TXN-50338,USR-1043,Withdrawal,42.28,Zelle,USD,Completed,Android,US,1.14,30,2024-03-25 12:00:00,0
TXN-50339,USR-1017,Deposit,44.29,,USD,Completed,iOS,FR,0.52,47,2024-03-25 18:00:00,0
TXN-50340,USR-1050,transfer,115.16,Spotify,USD,Completed,iOS,US,4.67,46,2024-03-26 00:00:00,0
TXN-50341,USR-1002,PAYMENT,39.14,Amazon,USD,Pending,Android,US,2.18,30,2024-03-26 06:00:00,0
TXN-50342,USR-1028,Refund,67.61,Apple Pay,USD,Failed,Web,UK,0.24,38,2024-03-26 12:00:00,0
TXN-50343,USR-1050,withdrawal,30.85,Uber,EUR,Completed,iOS,US,1.41,34,2024-03-26 18:00:00,0
TXN-50344,USR-1026,Transfer,413.82,DoorDash,GBP,completed,,DE,1.26,40,2024-03-27 00:00:00,0
TXN-50345,USR-1024,Payment,99.12,Netflix,USD,FAILED,Android,US,4.9,41,2024-03-27 06:00:00,
TXN-50346,USR-1055,Withdrawal,236.85,Venmo,,Pending,iOS,,2.54,57,2024-03-27 12:00:00,0
TXN-50347,USR-1039,Deposit,40.71,PayPal,USD,,Web,US,4.76,53,2024-03-27 18:00:00,0
TXN-50348,USR-1076,transfer,,Zelle,USD,Completed,Android,US,,33,2024-03-28 00:00:00,
TXN-50349,USR-1037,PAYMENT,20.64,,USD,Completed,iOS,FR,,49,2024-03-28 06:00:00,0
TXN-50008,USR-1031,Transfer,0.75,Zelle,USD,Completed,Android,US,4.34,62,2024-01-03 00:00:00,1
TXN-50033,USR-1032,Payment,261.05,Uber,EUR,Completed,iOS,US,1.16,54,2024-01-09 06:00:00,0
TXN-50077,USR-1058,PAYMENT,102.34,PayPal,USD,,Web,US,,41,2024-01-20 06:00:00,0
TXN-50190,USR-1005,Refund,55.84,Spotify,USD,Completed,iOS,US,3.65,61,2024-02-17 12:00:00,0
TXN-50211,USR-1040,Deposit,177.6,Amazon,USD,Pending,Android,US,0.44,43,2024-02-22 18:00:00,0
